condition,rank,term,cf,df
B,1,and,10666,997
B,2,the,6154,977
B,3,of,5837,973
B,4,in,4901,961
B,5,1,4285,955
B,6,with,4135,915
B,7,to,3669,944
B,8,a,3167,922
B,9,glp,3052,766
B,10,0,2779,414
B,17,receptor,1210,798
B,21,patients,1096,405
B,22,obesity,1086,484
B,31,diabetes,867,531
B,35,treatment,812,431
B,45,semaglutide,682,234
B,53,glucose,627,345
B,57,not,573,367
B,66,insulin,487,201
B,104,agonist,331,256
B,105,no,331,242
B,134,control,268,202
B,146,without,245,176
B,401,syndrome,105,67
B,667,lean,63,29
B,1334,rapidly,29,29
B,2668,reflecting,11,11
B,4002,referral,6,6
B,5336,wnt5a,4,1
B,6669,749,2,2
B,10004,cytoplasm,1,1
B,13338,⁸,1,1
