rank,term,cf,df,idf
1,1,4285,955,0.0460439385014068
2,glp,3052,766,0.2665731092415458
3,0,2779,414,0.8818893051568227
4,us,1461,611,0.4926583198105417
5,2,1434,617,0.4828862550767492
6,patient,1305,471,0.7528971849657193
7,studi,1286,621,0.4764241970486583
8,receptor,1263,809,0.21195636192364542
9,associ,1215,544,0.6088060321261943
10,weight,1199,429,0.8462983600541202
11,obes,1172,497,0.6991652528855082
12,risk,1162,445,0.8096809968158969
13,agonist,1152,782,0.245900538436826
14,effect,1139,565,0.5709295478356962
15,metabol,1008,426,0.8533159327127667
16,diabet,992,552,0.5942072327050417
17,includ,974,582,0.5412848312506991
18,outcom,966,452,0.7940730991499058
19,peptid,939,727,0.31882880144861775
20,treatment,890,460,0.7765287894989963
21,95,874,267,1.3205066205818874
22,like,866,733,0.3106095770954856
23,clinic,859,471,0.7528971849657193
24,glucagon,859,718,0.33128570993391293
25,therapi,846,425,0.8556661100577203
26,ra,842,202,1.5994875815809322
27,ci,823,228,1.4784096500276964
28,p,780,232,1.4610179073158271
29,diseas,716,352,1.0441241033840398
30,semaglutid,682,234,1.4524341636244356
31,evid,676,386,0.9519179095173061
32,compar,674,339,1.0817551716016867
33,3,663,325,1.1239300966523995
34,4,652,316,1.152013065395225
35,trial,636,324,1.1270117631898076
36,glucos,627,345,1.0642108619507773
37,loss,625,282,1.2658482080440234
38,type,590,441,0.818710403535291
39,improv,589,363,1.0133524447172861
40,increas,573,367,1.0023934309275666
41,not,573,367,1.0023934309275666
42,remain,563,447,0.8051966843685683
43,reduc,547,372,0.9888614247089904
44,5,521,252,1.3783261914707137
45,cardiovascular,521,215,1.5371172508544744
46,year,516,249,1.3903023825174294
47,control,513,343,1.0700248318161971
48,1ra,512,144,1.9379419794061366
49,base,512,320,1.1394342831883648
50,adult,503,284,1.258781040820931
