condition,segment,points,rank_start,rank_end,slope,intercept,zipf_exponent,r_squared,rmse,log_base,rmse_space,status
A,full,29203,1,29203,-1.0810254168369846,4.656952236295715,1.0810254168369846,0.9550399639454787,0.10175690916796092,10,log10(CF),ok
A,head,292,1,292,-0.8445738387848464,4.099239910316989,0.8445738387848464,0.9959324366034099,0.022578698303556168,10,log10(CF),ok
A,middle,2628,293,2920,-1.0657656546366354,4.701534413509953,1.0657656546366354,0.9964083881326541,0.01632439320516741,10,log10(CF),ok
A,tail,26283,2921,29203,-0.9749501657812875,4.209154949791185,0.9749501657812875,0.8653299553500573,0.09817324358268203,10,log10(CF),ok
B,full,17910,1,17910,-1.278302897455393,5.318048151317105,1.278302897455393,0.9716020963135403,0.09476173048587987,10,log10(CF),ok
B,head,179,1,179,-0.8054200627156519,4.08715367890433,0.8054200627156519,0.9926434368525686,0.028555094965590357,10,log10(CF),ok
B,middle,1612,180,1791,-1.0478782272241476,4.685842453869551,1.0478782272241476,0.9964509389118351,0.015952497704898313,10,log10(CF),ok
B,tail,16119,1792,17910,-1.38054873585321,5.719644586951039,1.38054873585321,0.947962021982739,0.08255692055458891,10,log10(CF),ok
C,full,17792,1,17792,-1.235926391019585,5.14256917225679,1.235926391019585,0.9656732984282389,0.10103925564988495,10,log10(CF),ok
C,head,177,1,177,-0.5616962481364253,3.481014268980403,0.5616962481364253,0.9571821591298821,0.04890501856065331,10,log10(CF),ok
C,middle,1602,178,1779,-0.9906834932545716,4.475024957827137,0.9906834932545716,0.9951227177089096,0.017718498976595536,10,log10(CF),ok
C,tail,16013,1780,17792,-1.3572928811503715,5.6189398887502735,1.3572928811503715,0.9467015742621145,0.08220104327920835,10,log10(CF),ok
D,full,14305,1,14305,-1.3040927491595704,5.284516290682806,1.3040927491595704,0.9666225414244103,0.10504375608524961,10,log10(CF),ok
D,head,143,1,143,-0.5284317997005632,3.5133261336629307,0.5284317997005632,0.9522052605399901,0.04831644109399146,10,log10(CF),ok
D,middle,1287,144,1430,-1.1032615888968695,4.795797961006377,1.1032615888968695,0.9919264846266203,0.025379655448060544,10,log10(CF),ok
D,tail,12875,1431,14305,-1.3765858264828552,5.55907774820562,1.3765858264828552,0.9408502384501032,0.08810451977467636,10,log10(CF),ok
