pmid,tokens,unique_terms
39421913,78,57
40049721,158,109
40358690,205,114
40493069,241,119
40549581,180,112
40607685,119,97
40637782,192,116
40841345,180,110
40882992,229,124
40954547,167,98
41125326,107,90
41137196,253,152
41213390,87,70
41221797,88,74
41275875,373,174
41307513,163,124
41329155,194,126
41364427,202,125
41384845,203,106
41400268,217,153
41486865,227,169
41557742,135,95
41604144,110,92
41607363,240,129
41622481,151,102
41640092,167,116
41644273,191,114
41689811,167,96
41693095,208,112
41697144,242,153
41713699,196,128
41723102,201,100
41724716,181,132
41730547,155,119
41766061,206,121
41770836,164,107
41773040,156,112
41786151,140,101
41797511,154,108
41804593,184,129
41805656,263,150
41817629,333,155
41855048,148,111
41870413,176,123
41883294,280,163
41885139,141,110
41886402,230,139
41919489,166,121
41925663,191,139
41925713,167,110
41932372,144,108
41967661,172,106
41973746,220,138
41974096,209,114
41974246,185,125
41989133,117,94
41990363,210,128
41991368,183,115
41992726,181,112
41999297,180,133
42000905,217,101
42001909,234,129
42002040,177,126
42002672,203,125
42003032,129,90
42011503,182,132
42021124,160,111
42029362,204,116
42034161,179,116
42035861,133,98
42037238,182,129
42061782,252,146
42068648,216,122
42069105,145,105
42081276,178,82
42086986,153,98
42092775,211,153
42096022,165,95
42102896,234,125
42103091,134,108
42105984,185,115
42108205,166,128
42113557,164,107
42119472,218,153
42126155,139,112
42128170,215,146
42128321,194,103
42128993,323,133
42138385,213,122
42140342,60,46
42141180,203,129
42142362,203,113
42142765,224,132
42142797,111,74
42144710,357,265
42155673,217,151
42167405,214,134
42168641,182,131
42171350,117,100
42171681,154,103
42173727,185,105
42184911,151,99
42189844,200,122
42201355,195,109
42203003,210,130
42207410,171,97
42208758,165,120
42214767,210,130
42217111,191,128
42217849,183,125
42225263,187,97
42228345,200,141
42228850,205,118
42229813,318,154
42242290,224,147
42242293,235,146
42242325,124,104
42242503,176,88
42247872,190,146
42247987,214,132
42250076,217,131
42250734,191,131
42253238,285,157
42254478,253,129
42264960,241,118
42272808,84,69
42274387,247,139
42281167,249,143
42281177,201,156
42284491,109,87
42284677,179,121
42288145,181,117
42289243,210,144
42289317,170,96
42295612,271,180
42297751,187,96
42297758,195,121
42297761,231,147
42298328,336,179
42300258,242,122
42302979,351,166
42303274,187,102
42304171,208,134
42306816,194,160
42307179,171,109
42307608,148,88
42307637,285,249
42307712,113,93
42310888,185,128
42310901,295,163
42310909,239,155
42314072,242,129
42314082,124,85
42314323,220,130
42315078,166,86
42318161,255,151
42320358,167,95
42320781,194,131
42321007,213,142
42322376,289,137
42323127,396,187
42324025,199,168
42324672,224,112
42329280,152,104
42329656,313,181
42331132,139,120
42331140,138,85
42331714,250,162
42331726,218,119
42331736,232,120
42337176,253,150
42337824,219,145
42338042,222,116
42342009,232,159
42342489,133,108
42343233,208,135
42348164,232,125
42348175,187,118
42348222,188,118
42348366,226,118
42348985,147,112
42349668,145,117
42349695,187,109
42349741,124,89
42350670,296,158
42361988,177,109
42362122,213,129
42366176,213,120
42366180,222,172
42371360,221,120
42372277,144,117
42372278,187,146
42373540,157,85
42376130,153,105
42376232,205,154
42376629,163,110
42379430,120,98
42380063,208,115
42380521,169,101
42380553,176,110
42382663,194,132
42384167,220,147
42384444,263,155
42385950,263,158
42386393,95,79
42386418,209,128
42387250,366,170
42387290,201,135
42387302,165,102
42387310,206,120
42388102,163,114
42388688,267,140
42390946,192,140
42392316,181,128
42392392,161,130
42392542,348,193
42396734,186,130
42398811,181,126
42398916,178,113
42399213,137,108
42399716,184,105
42400305,212,132
42401410,273,175
42401514,152,129
42403198,134,88
42403263,210,136
42405354,26,22
42410298,184,134
42410309,199,108
42410316,235,121
42410323,220,111
42410325,185,121
42410329,245,142
42411248,125,94
42412371,101,65
42414047,136,113
42415595,134,86
42418075,272,153
42419304,132,88
42419343,204,140
42419462,146,110
42420094,73,47
42420795,248,141
42421417,136,84
42422116,266,162
42424921,142,114
42425328,170,104
42426387,233,129
42429894,232,140
42433074,265,171
42434480,216,145
42434935,137,101
42437645,243,171
42439225,199,120
42440082,140,88
42440974,238,136
42441962,280,132
42441967,270,150
42442550,157,123
42442555,171,109
42442557,149,105
42442720,242,128
42443140,200,135
42443144,182,132
42443375,174,127
42444070,258,143
42444315,222,141
42447284,307,148
42447522,176,95
42447648,213,99
42448043,146,90
42448219,182,128
42448857,109,88
42448972,187,112
42449480,285,155
42452898,147,112
42458197,339,185
42461204,148,94
42463065,195,159
42463344,171,107
42467193,233,122
42467949,142,106
42470527,99,83
42470775,188,132
42470876,223,154
42471299,222,130
42472074,211,130
42473065,113,87
42473259,172,108
42473266,188,95
42476940,196,122
42476952,216,135
42479349,120,79
42480549,471,184
42480572,412,221
42480717,173,107
42480803,186,112
42480913,154,124
42481928,267,200
42486217,183,119
42491427,196,127
42492143,224,125
42492687,174,118
42492739,243,174
42494803,222,144
42494804,227,132
42494946,205,154
42497992,146,107
42498061,252,151
42500549,291,141
42503322,292,177
42504064,230,119
42504996,177,105
42508098,221,139
42508653,153,101
42508693,147,108
42508875,68,56
42518361,230,138
42520970,314,187
42521622,209,115
42521631,229,134
42522065,223,116
42526426,304,186
42526542,171,102
42526994,66,57
42526995,61,46
42526996,82,62
42526997,61,45
42526998,43,36
42526999,74,58
42527001,72,57
42527003,80,64
42528333,177,97
42528342,191,149
42529748,237,161
42530338,195,96
42531818,211,145
42532147,203,154
42532176,371,189
42533276,217,154
42533465,146,117
42533561,184,121
42537539,97,74
42541759,175,115
42542232,186,134
42542297,154,107
42543082,153,92
42545022,298,169
42545731,143,105
42546368,239,142
42546448,329,188
42552238,293,149
42552642,190,110
42555627,222,113
42556070,216,138
42556625,173,107
42556958,69,52
42557048,93,80
42557064,224,101
42557690,172,137
42559671,113,54
42560020,218,134
42563367,215,111
42565180,247,154
42567173,309,167
42568245,249,131
42569195,262,178
42570075,269,146
42570103,197,134
42570411,154,106
42570682,221,153
42570767,173,128
42572238,208,111
42572911,171,105
42575111,296,166
42575344,160,99
42577069,265,118
42578506,110,86
42579223,482,218
42581493,199,145
42585629,285,151
42586227,160,120
42586641,169,119
42594759,166,84
42594928,367,194
42595008,188,121
42598160,182,126
42598998,219,130
42600634,190,97
42600923,188,121
42603384,222,165
42605988,232,121
42607698,381,184
42607727,189,116
42607855,161,103
42610271,285,146
42612445,175,110
42613293,181,110
42616211,227,163
42616235,273,147
42617805,293,154
42618217,249,135
42618306,179,106
42618598,212,110
42618722,233,144
42618723,224,126
42618811,318,198
42619634,282,159
42622348,124,93
42622752,154,97
42622874,221,139
42623313,174,107
42624330,168,109
42624612,302,167
42624955,140,112
42624962,42,34
42625391,160,116
42625929,139,116
42626202,189,147
42626264,207,137
42626880,202,124
42627215,239,130
42627353,231,127
42627354,216,157
42627475,249,178
42628555,318,156
42628573,188,121
42629077,210,139
42629209,49,38
42629262,243,134
42629417,160,101
42630042,179,135
42630988,103,75
42631574,161,126
42631799,204,142
42631802,158,122
42632459,145,100
42632571,286,172
42633920,139,112
42634097,135,92
42634284,196,142
42635465,193,121
42635669,230,142
42635906,197,142
42636194,230,146
42636218,320,161
42636272,206,126
42636450,222,159
42636888,221,168
42636985,190,105
42637031,195,119
42637139,160,121
42638077,137,111
42638087,159,112
42638166,227,136
42639235,144,106
42639588,171,120
42639925,170,125
42640716,227,142
42641257,113,98
42641565,111,83
42641845,234,123
42642078,248,155
42642087,222,161
42642357,233,125
42642606,137,117
42642900,184,95
42643169,251,159
42643762,253,135
42644279,236,104
42644319,183,129
42644757,228,134
42644855,138,112
42645635,186,142
42645931,240,146
42646744,108,86
42647034,482,227
42647098,184,83
42647645,129,87
42648728,87,74
42648789,259,162
42649514,227,156
42650025,227,127
42652875,211,171
42652896,203,150
42653428,209,145
42653808,247,194
42653816,399,212
42654298,230,125
42654302,201,153
42656588,186,103
42656620,108,98
42656629,263,144
42656852,174,115
42656873,140,92
42657770,268,138
42657774,117,85
42658186,234,137
42658329,118,96
42658451,225,136
42660161,210,148
42660202,155,110
42660721,46,42
42660856,256,123
42661253,150,116
42661473,147,102
42661567,103,70
42662155,35,34
42662384,178,122
42663504,194,121
42663556,198,110
42664518,287,154
42664617,182,126
42664897,115,87
42666740,232,159
42667348,203,109
42667518,198,131
42667546,207,155
42667566,183,129
42667964,174,143
42668074,376,208
42668615,129,96
42668751,159,107
42669023,262,181
42669320,211,153
42669356,179,108
42669385,196,125
42669668,65,52
42670558,167,116
42671242,241,147
42673534,184,139
42673585,252,147
42673608,232,124
42674321,204,140
42675225,304,144
42675286,81,66
42675550,202,107
42676263,100,76
42676928,154,105
42677190,271,165
42677730,209,115
42678052,235,124
42678246,192,136
42678648,250,143
42678766,68,45
42679726,250,128
42680068,162,101
42680126,284,188
42680164,197,110
42680170,152,103
42681675,305,173
42681751,217,137
42682157,190,129
42682267,245,147
42683049,259,174
42683436,365,246
42683449,146,107
42683541,230,135
42683734,132,118
42683794,212,128
42683980,145,127
42684246,388,195
42684325,261,157
42684335,240,118
42684397,264,155
42684404,273,171
42685819,194,125
42685881,188,107
42685919,149,105
42686200,230,126
42686906,158,107
42687002,201,124
42687024,153,119
42687068,158,109
42687069,215,166
42687118,199,109
42687767,212,140
42687772,204,122
42687799,233,143
42688121,289,183
42688195,184,148
42688617,190,126
42688951,249,176
42690550,139,93
42690609,170,127
42690639,289,195
42690722,231,150
42691159,122,100
42691476,237,119
42692107,271,143
42692145,205,123
42692277,213,135
42692477,214,118
42692567,84,74
42693357,186,143
42693519,172,127
42693812,193,136
42694263,141,100
42694629,99,83
42694803,143,95
42695140,144,99
42695230,164,140
42695297,190,114
42696191,146,92
42696340,209,126
42696402,161,127
42696856,208,118
42697203,117,96
42697206,187,115
42697419,151,114
42697752,155,115
42697978,157,116
42698481,232,141
42699006,98,84
42699069,213,121
42699131,202,129
42699172,171,106
42700085,213,150
42700367,238,137
42700783,256,167
42700818,269,167
42700824,206,136
42700963,221,110
42701458,314,166
42701460,191,103
42701941,226,149
42702012,243,119
42702341,146,99
42702727,208,157
42703003,128,85
42704078,116,76
42704495,256,123
42705550,451,172
42705609,214,143
42707375,205,161
42707585,155,127
42708338,206,118
42708757,118,100
42709045,173,131
42709474,207,142
42709513,232,116
42710489,40,39
42710522,134,103
42710703,180,147
42710719,199,135
42710721,82,64
42710812,209,143
42711176,302,172
42711215,199,103
42711998,249,157
42712041,202,132
42712076,192,146
42712110,270,143
42712125,188,114
42712138,195,113
42712151,231,163
42712413,225,109
42712498,116,90
42712738,182,113
42712936,225,172
42713277,111,91
42713788,150,110
42714458,127,91
42714656,515,314
42714692,299,175
42714854,125,94
42715139,180,129
42715144,123,97
42715243,215,147
42716982,263,172
42717057,132,97
42717332,265,161
42717572,218,122
42718474,266,135
42720565,67,58
42720814,101,66
42721371,305,144
42721492,153,123
42722006,160,87
42722239,305,191
42722378,155,112
42723061,156,102
42723273,365,201
42723815,249,141
42723821,239,144
42723833,296,150
42723898,286,146
42724131,220,129
42724454,138,96
42724505,296,171
42724661,109,77
42724737,251,183
42724767,185,133
42725314,92,70
42725550,195,119
42726083,199,124
42726191,147,112
42726423,122,91
42726433,199,143
42726513,239,163
42727208,275,168
42727233,136,85
42727531,228,128
42727623,173,109
42727630,181,122
42727826,195,142
42727867,153,108
42727920,117,98
42728029,134,105
42728365,137,101
42728528,145,108
42729196,297,166
42729683,160,132
42729919,237,150
42729958,241,143
42730051,202,117
42730413,259,152
42730475,203,122
42730797,200,152
42730869,348,201
42731127,156,105
42732089,214,129
42732962,152,104
42733032,157,125
42733137,234,160
42733229,199,124
42733510,116,80
42733607,204,134
42733817,211,123
42733963,193,131
42734024,212,133
42734425,264,137
42734711,277,184
42734721,178,117
42735033,220,155
42735804,173,137
42735880,81,70
42735883,190,103
42736027,227,120
42736030,190,123
42736042,270,144
42736522,215,147
42736532,120,89
42736679,180,108
42736811,234,136
42737424,222,153
42737456,147,112
42737598,199,159
42737722,126,108
42737751,205,124
42737905,153,101
42738873,140,107
42738922,256,161
42738931,196,130
42739024,164,139
42739051,175,131
42739556,168,144
42739822,194,126
42740823,182,123
42741038,222,135
42741141,258,146
42741157,292,151
42741173,91,72
42741482,161,136
42742184,221,159
42742987,136,80
42742988,145,118
42743093,228,159
42743759,156,120
42744082,296,157
42744726,247,118
42745130,323,158
42745194,150,79
42745233,161,105
42745463,216,138
42745769,309,210
42746268,212,115
42746314,103,81
42746786,134,103
42746999,230,144
42747104,163,141
42747132,181,117
42747605,287,179
42747714,128,107
42747778,133,101
42747817,339,183
42747945,191,136
42748560,218,103
42748751,126,94
42749027,325,150
42749129,225,136
42750018,251,142
42750456,213,142
42750540,220,99
42750798,201,128
42750843,129,104
42750924,134,100
42751094,189,135
42751234,137,95
42751742,229,141
42752289,111,81
42752515,232,167
42752967,196,129
42753116,216,96
42753877,176,138
42753998,226,106
42754096,131,104
42754274,242,159
42754392,240,149
42754546,154,106
42754765,196,134
42755112,256,147
42755136,201,108
42755139,210,118
42755225,203,148
42755517,220,147
42755727,250,175
42755825,186,140
42755864,257,152
42756349,256,171
42756500,148,102
42756737,207,126
42757217,196,131
42757249,7,7
42758273,214,138
42758304,216,138
42758714,181,135
42759347,177,140
42759644,189,148
42760138,253,137
42760157,185,131
42760621,149,100
42760821,92,54
42761392,114,86
42761784,307,225
42761830,216,180
42761866,213,133
42762166,271,140
42762178,108,76
42762207,122,101
42762462,191,122
42762476,207,116
42762604,186,136
42762879,204,145
42762981,196,126
42763059,171,125
42764072,191,111
42764083,198,144
42764204,202,111
42764312,184,137
42764374,194,133
42764399,229,114
42764407,259,148
42764409,212,114
42764443,202,145
42764914,162,93
42765077,98,77
42765724,234,137
42765974,226,126
42766004,219,119
42766134,225,123
42766184,223,137
42766389,340,179
42766498,146,112
42767161,238,125
42767274,136,111
42767321,224,132
42767324,252,143
42767411,193,121
42767469,166,130
42767573,175,135
42768061,183,114
42768195,128,82
42768228,176,147
42768237,151,128
42768825,197,123
42768828,252,161
42768849,215,126
42768905,178,117
42769274,231,145
42769283,139,116
42769318,162,122
42769395,193,121
42769739,272,186
42769919,141,108
42770962,215,162
42771123,87,69
42771327,279,160
42772087,163,107
42772453,180,138
42772598,166,123
42772688,135,98
42772870,248,156
42772984,184,141
42773534,152,114
42774137,241,150
42774139,123,97
42774501,197,136
42774613,97,61
42774636,232,154
42774757,67,50
42775225,291,138
42776095,441,245
42776131,162,113
42776350,217,141
42777698,156,116
42777788,209,133
42777891,123,102
42778024,186,126
42778221,302,133
42778559,97,70
42778649,160,122
42779137,134,116
42779274,145,106
42780276,196,133
42781074,217,166
42781611,163,109
42781681,167,115
42782166,137,100
42782188,170,98
42782361,212,126
42782508,144,96
42783450,149,124
42783483,204,130
42783509,235,127
42783762,213,130
42784533,227,115
42784582,355,194
42784738,167,104
42785112,158,107
42785407,179,120
42785638,161,140
42785671,223,116
42785932,214,128
42786007,96,79
42786044,195,112
42786281,276,173
42787169,239,155
42787678,114,98
42787930,286,163
42788826,146,103
42788915,140,102
42789205,163,140
42789287,319,136
42789307,151,100
42789930,215,152
42790025,188,101
42790605,152,111
42791090,360,209
42791433,416,187
42791873,231,151
42792182,148,119
42792587,157,116
42792631,261,156
42792646,231,165
42792696,238,166
42792699,224,155
42792729,232,133
42793073,265,205
42793170,190,135
42793351,292,150
42793510,211,116
42794420,117,81
42794466,166,124
42794486,230,160
42794492,165,142
42794498,133,91
42794619,163,121
42794730,141,80
42794744,179,136
42794768,174,145
42794805,184,139
42795351,123,92
42795798,193,131
42795973,187,150
42796084,174,128
42796348,235,184
42796421,235,143
42796576,101,71
42796969,285,185
42796978,246,163
42797275,240,202
42798402,306,160
42798476,278,164
42798540,214,130
42799244,132,101
42800033,124,94
42800365,85,65
42800455,292,152
42800499,152,111
42800900,205,128
42801078,232,148
42801380,260,177
42801961,148,122
42802242,250,157
42802300,225,120
42802751,245,137
42803248,230,127
42803913,231,150
42804695,336,161
