condition,rank,term,cf,df,idf
B,1,and,10666,997,0.0013048416883442802
B,2,the,6154,977,0.01010543628122691
B,3,of,5837,973,0.011887159731648084
B,4,in,4901,961,0.017276612331454597
B,5,1,4285,955,0.019996628416253655
B,6,with,4135,915,0.03857890593355177
B,7,to,3669,944,0.025028005701931054
B,8,a,3167,922,0.03526907894637068
B,9,glp,3052,766,0.11577123036739609
B,10,0,2779,414,0.3829996588791011
B,17,receptor,1210,798,0.09799710864927055
B,21,patients,1096,405,0.3925449767853314
B,22,obesity,1086,484,0.3151546383555875
B,31,diabetes,867,531,0.2749054789185309
B,35,treatment,812,431,0.3655227298392684
B,45,semaglutide,682,234,0.6307841425898572
B,53,glucose,627,345,0.46218090492672587
B,57,not,573,367,0.4353339357479106
B,66,insulin,487,201,0.6968039425795111
B,104,agonist,331,256,0.5917600346881504
B,105,no,331,242,0.6161846340195687
B,134,control,268,202,0.6946486305533762
B,146,without,245,176,0.7544873321858502
B,401,syndrome,105,67,1.1739251972991736
B,667,lean,63,29,1.537602002101044
B,1334,rapidly,29,29,1.537602002101044
B,2668,reflecting,11,11,1.9586073148417749
B,4002,referral,6,6,2.221848749616356
B,5336,wnt5a,4,1,3.0
B,6669,749,2,2,2.6989700043360187
B,10004,cytoplasm,1,1,3.0
B,13338,⁸,1,1,3.0
